AMF001.jpg,28.33363509
AMF002.jpg,27.46897732
AMF003.jpg,44.21059258
AMF005.jpg,22.4183781
AMF006.jpg,33.60874999
AMF007.jpg,24.26683319
AMF008.jpg,38.97361381
AMF009.jpg,31.19011683
AMF010.jpg,29.90703696
AMF011.jpg,37.13297233
AMF012.jpg,25.59127498
AMF014.jpg,31.86911189
AMF015.jpg,24.499951
AMF016.jpg,22.68404065
AMF017.jpg,35.80286746
AMF018.jpg,33.52688635
AMF019.jpg,19.47530155
AMF020.jpg,33.31728104
AMF021.jpg,31.98445216
AMF022.jpg,19.6690646
AMF023.jpg,38.33053266
AMF024.jpg,30.78581656
AMF025.jpg,33.21039953
AMF026.jpg,30.31126554
AMF027.jpg,28.96696716
AMF028.jpg,25.9266865
AMF029.jpg,35.98953376
AMF030.jpg,30.91527867
AMF031.jpg,31.2395791
AMF032.jpg,31.44330629
AMF033.jpg,28.89098164
AMF034.jpg,29.25090924
AMF035.jpg,46.23295413
AMF036.jpg,23.10583192
AMF037.jpg,27.05184554
AMF038.jpg,34.17670584
AMF039.jpg,28.6377205
AMF040.jpg,23.93149336
AMF041.jpg,27.18546534
AMF042.jpg,33.91821173
AMF043.jpg,31.24947155
AMF044.jpg,32.84237159
AMF045.jpg,18.10591361
AMF046.jpg,30.57778831
AMF047.jpg,21.54110387
AMF048.jpg,27.2805906
AMF049.jpg,30.74273421
AMF050.jpg,37.03985424
AMF051.jpg,39.83906011
AMF052.jpg,35.03555717
AMF053.jpg,27.66833176
AMF055.jpg,32.9699699
AMF056.jpg,28.95263027
AMF057.jpg,19.15931652
AMF058.jpg,34.02208249
AMF059.jpg,19.21214796
AMF060.jpg,33.37849955
AMF061.jpg,30.0271084
AMF062.jpg,25.63478744
AMF063.jpg,29.09607084
AMF064.jpg,24.79177837
AMF065.jpg,24.87543412
AMF066.jpg,30.05771766
AMF067.jpg,35.67483904
AMF068.jpg,22.90540222
AMF069.jpg,36.53476564
AMF070.jpg,28.14109067
AMF071.jpg,27.0589423
AMF072.jpg,29.5109804
AMF073.jpg,28.40603638
AMF074.jpg,37.63684229
AMF075.jpg,35.14394405
AMF076.jpg,38.51770074
AMF077.jpg,38.78085434
AMF078.jpg,41.45683465
AMF079.jpg,37.99454767
AMF080.jpg,37.50874219
AMF081.jpg,35.25139903
AMF082.jpg,31.26108443
AMF083.jpg,26.29722339
AMF084.jpg,31.24825292
AMF085.jpg,16.74426759
AMF086.jpg,24.09479052
AMF087.jpg,24.44769304
AMF088.jpg,14.22197872
AMF089.jpg,24.9086957
AMF090.jpg,32.31670956
AMF091.jpg,26.12919505
AMF092.jpg,30.44753767
AMF093.jpg,33.59326615
AMF094.jpg,29.01341868
AMF095.jpg,33.74236979
AMF096.jpg,44.2395531
AMF097.jpg,22.66805502
AMF098.jpg,23.71278412
AMF099.jpg,27.56510616
AMF100.jpg,20.78884731
AMF101.jpg,23.79966566
AMF102.jpg,23.23049117
AMF103.jpg,32.08445196
AMF104.jpg,31.90122652
AMF105.jpg,35.14523437
AMF106.jpg,34.64286978
AMF107.jpg,23.86919957
AMF108.jpg,31.80101167
AMF109.jpg,24.50439544
AMF110.jpg,25.44883799
AMF111.jpg,32.86559735
AMF112.jpg,29.42546086
AMF113.jpg,39.54895316
AMF114.jpg,42.16615223
AMF115.jpg,25.64941107
AMF116.jpg,21.38103251
AMF117.jpg,23.74138621
AMF118.jpg,33.51011219
AMF119.jpg,34.69627469
AMF120.jpg,20.17178761
AMF121.jpg,34.5593574
AMF122.jpg,35.96616463
AMF123.jpg,31.0018018
AMF124.jpg,23.7773718
AMF125.jpg,38.77132031
AMF126.jpg,28.51542684
AMF127.jpg,33.99140155
AMF128.jpg,29.48065788
AMF129.jpg,27.52137865
AMF130.jpg,19.13458539
AMF131.jpg,28.74732602
AMF132.jpg,25.65070139
AMF134.jpg,24.3916358
